Año,Título,Fuente/Revista,Autores,Enlace
2024,​,"Machine Learning Synthesis and inversion method for Stokes Parameters in the solar context Machine Learning Synthesis and inversion method for Stokes Parameters in the solar context Machine Learning Synthesis and inversion method for Stokes Parameters in the solar context Machine Learning Synthesis and inversion method for Stokes Parameters in the solar context EGU General Assembly 2024, Vienna, Austria, 14–19 Apr 2024, EGU24-1604","JUAN ESTEBAN AGUDELO ORTIZ, GERMAIN NICOLÁS MORALES SUAREZ, SANTIAGO VARGAS DOMÍNGUEZ, SERGIY SHELYAG.",https://doi.org/10.5194/egusphere-egu24-1604
2024,​,"Ring Current Local Time Dependence during geomagnetic storms using equatorial Dst-proxies Ring Current Local Time Dependence during geomagnetic storms using equatorial Dst-proxies Ring Current Local Time Dependence during geomagnetic storms using equatorial Dst-proxies Ring Current Local Time Dependence during geomagnetic storms using equatorial Dst-proxies Under Review & In Review. Springer: Earth, Planets and Space.","SANTIAGO PINZON-CORTES, NATALIA GÓMEZ-PÉREZ, SANTIAGO VARGAS DOMÍNGUEZ.",https://doi.org/10.21203/rs.3.rs-3900907/v1
2024,​,"Solar Radio-Interferometric Network of the Observatorio Astronómico Nacional (RRIS-OAN): Inter-calibration and Instrumental Integration Solar Radio-Interferometric Network of the Observatorio Astronómico Nacional (RRIS-OAN): Inter-calibration and Instrumental Integration Solar Radio-Interferometric Network of the Observatorio Astronómico Nacional (RRIS-OAN): Inter-calibration and Instrumental Integration Solar Radio-Interferometric Network of the Observatorio Astronómico Nacional (RRIS-OAN): Inter-calibration and Instrumental Integration Revista eSPECTRA, Vol 2, Issue 1, pp 22-28. (2024/2/1). Revista eSPECTRA, Vol 2, Issue 1, pp 22-28. (2024/2/1).","JAVIER SANCHEZ GONZALEZ, JUAN CARLOS MARTÍNEZ OLIVEROS, SANTIAGO VARGAS DOMÍNGUEZ.",https://drive.google.com/file/d/1BFujtveicdkeOceuFpz3j5xGpeGwdN-A/view
2024,​,"La historia del Observatorio y el Observatorio en la historia La historia del Observatorio y el Observatorio en la historia La historia del Observatorio y el Observatorio en la historia La historia del Observatorio y el Observatorio en la historia Revista eSPECTRA, Vol 2, Issue 1, pp 79-85. (2024/2/1). Revista eSPECTRA, Vol 2, Issue 1, pp 79-85. (2024/2/1).",SANTIAGO VARGAS DOMÍNGUEZ.,https://astronomiaoan.github.io/espectra/vol2num1-ciclo220-2.html
2024,​,"Exploring intermittency in numerical simulations of turbulence from single and multi-spacecraft analysis Exploring intermittency in numerical simulations of turbulence from single and multi-spacecraft analysis Exploring intermittency in numerical simulations of turbulence from single and multi-spacecraft analysis Exploring intermittency in numerical simulations of turbulence from single and multi-spacecraft analysis Front. Astron. Space Sci., 25 January 2024, Sec. Stellar and Solar Physics, Volume 11 - 2024. Front. Astron. Space Sci., 25 January 2024, Sec. Stellar and Solar Physics, Volume 11 - 2024.","ANDRES FELIPE GUERRERO GUIO, JEFFERSSON ANDRES AGUDELO RUEDA, SANTIAGO VARGAS DOMÍNGUEZ.",https://doi.org/10.3389/fspas.2024.1323993
2024,​,"EXECUTIVE COMMITTEE WOMEN IN ASTRONOMY EXECUTIVE COMMITTEE WOMEN IN ASTRONOMY EXECUTIVE COMMITTEE WOMEN IN ASTRONOMY EXECUTIVE COMMITTEE WOMEN IN ASTRONOMY Transactions IAU, Volume XXXA Reports on Astronomy 2021-2024 Maria Teresa Lago, ed Transactions IAU, Volume XXXA Reports on Astronomy 2021-2024 Maria Teresa Lago, ed","ARIANNA PICCIALLI, DAVID VALLS-GABAUD, JOSEFA MASEGOSA GALLEGO, JOLANTA NASTULA, LILI YANG, AYA BAMBA, BELINDA WILKES, CLAUDIA LAGOS, SANTIAGO VARGAS DOMINGUEZ, JOHN LEIBACHER.",https://www.iau.org/static/science/scientific_bodies/working_groups/122/wg-wia-triennial-report-2021-2024.pdf
2024,​,Fortalecimiento de la educación y la investigación en un contexto global: la experiencia del Programa Beyond Research Fortalecimiento de la educación y la investigación en un contexto global: la experiencia del Programa Beyond Research Fortalecimiento de la educación y la investigación en un contexto global: la experiencia del Programa Beyond Research Fortalecimiento de la educación y la investigación en un contexto global: la experiencia del Programa Beyond Research Experiencias de la Internacionalización en las Instituciones de Educación Superior (IES) en Latinoamérica. Vol. 2 (pp. 141-155) Editorial CECAR. Experiencias de la Internacionalización en las Instituciones de Educación Superior (IES) en Latinoamérica. Vol. 2 (pp. 141-155) Editorial CECAR.,"MARCELA ARAGÓN NOVOA, YURY ARIAS OLAYA, SANTIAGO VARGAS DOMÍNGUEZ.",https://doi.org/10.21892/9786287515420.7
2024,"Asociación Red de Astronomía de Colombia - RAC, Circular Astronómica 995 Enero 2024, pp 2-3, ISSN: 2805 - 9077.",,"ANTONIO BERNAL GONZÁLEZ, JOSÉ ROBERTO VÉLEZ MÚNERA, ÁNGELA PATRICIA PÉREZ HENAO, LUZ ÁNGELA CUBIDES GONZÁLEZ, SANTIAGO VARGAS DOMÍNGUEZ, ANDRÉS GUSTAVO OBANDO LEÓN, CARLOS FRANCISCO PABÓN PINTO.",https://rac.net.co/wp-content/uploads/2023/12/Circular-enero-2024.pdf
2023,"Revista Universidad Nacional de Colombia / quinta época, 2023/12.",,SANTIAGO VARGAS DOMÍNGUEZ.,https://arxiv.org/abs/2311.15364
2023,"UNACIONAL DE COLOMBIA- 9789585053373, 2023/12, 112 págs.",,"ANDRES MOLINA MORENO, SANTIAGO VARGAS DOMÍNGUEZ, CRISTINA QUIAZÚA MERCHÁN, ANDREA PORTELA CÁRDENAS.",https://arxiv.org/abs/2311.15364
2023,SF2A-2023: Proceedings of the Annual meeting of the French Society of Astronomy and Astrophysics. 2023/12.,,"M. PANDEY-POMMIER, A. PICCIALLI, B. J. WILKES, P. HASAN, S. VARGAS DOMINGUEZ, A. S. HASSANIN, D. LAZZARO, C. D. P. LAGOS, J. MASEGOSA, L. YANG, D. VALLS-GABAUD, J. LEIBACHER, D. J. NORMAN, J. NASTULA, A. BAMBA.",https://arxiv.org/pdf/2311.15364
2023,"54th Meeting of the Solar Physics Division, id. 109.05. Bulletin of the American Astronomical Society, Vol. 55, No. 7 e-id 2023n7i109p05.",,"JUAN BUITRAGO-CASAS, WILLINTON JHOMAR CAICEDO TEZ, SANTIAGO VARGAS DOMINGUEZ, JUAN CARLOS MARTINEZ OLIVEROS, SAVANNAH PEREZ-PIEL, CHARLES LINDSEY.",https://ui.adsabs.harvard.edu/abs/2023SPD....5410905B/abstract
2023,"arXiv e-prints, 2023/9.",,"JOHAN NICOLÁS MOLINA CÓRDOBA, S VARGAS DOMÍNGUEZ, JI ZULUAGA.",https://ui.adsabs.harvard.edu/abs/2023arXiv230902809N/abstract
2023,"Revista de la Academia Colombiana de Ciencias Exactas, Físicas y Naturales. 47(183):445-452, abril-junio de 2023.",,"SANTIAGO VARGAS-DOMÍNGUEZ, BENJAMÍN CALVO-MOZO, JUAN CARLOS MARTÍNEZ OLIVEROS, JUAN CAMILO BUITRAGO-CASAS.",https://doi.org/10.18257/raccefyn.1930
2023,"A&A 674, A91 (2023).",,"JI CAMPOS ROZO, S VARGAS DOMÍNGUEZ, D UTZ, AM VERONIG, A HANSLMEIER.",https://doi.org/10.1051/0004-6361/202346389
2023,"Revista Hipótesis, 2023/4, pp 2-9: Universidad de Los Andes.",,"MARIA FERNANDA GONZÁLEZ, SANTIAGO VARGAS DOMÍNGUEZ.",https://scholar.google.com/scholar?cluster=17777101556116558449&hl=en&oi=scholarr
2022,"Planetario de Bogotá Instituto Distrital de las Artes - Idartes, Revista cometa, Vol. 3, ISSN 2745 - 2514, Enero-Junio 2022, pp 6-9.",,SANTIAGO VARGAS DOMÍNGUEZ.,https://idartesencasa.gov.co/sites/default/files//libros_pdf/Revista_Cometa_Tercera_Edicion.pdf
2022,Autores:,,"ASTRID DEL SOCORRO ALTAMAR CONSUEGRA, SONIA LUCILA MENESES VELOSA, CLAUDIA ARIAS, GILBERTO VALLEJO MORENO, DANIEL ALEJANDRO HERRERA LADINO, IVÁN ANDRÉS HERRERA LADINO, ÁLVARO LUIS MERCADO SUÁREZ, MARGARITA ROSA MEDINA VARGAS, SINDY VIVIANA GIRALDO ARCILA, CRISTIAN GÓEZ THERÁN, SANTIAGO VARGAS DOMÍNGUEZ, PAOLA ANDREA ECHEVERRI GUTIÉRREZ, JESÚS DAVID VALENCIA SALAZAR, DANIEL ARISTIZÁBAL TORRES, ADÁN SILVESTRE GUTIÉRREZ, ANA MARÍA BARRERA RODRÍGUEZ, LEILA NAYIBE RAMÍREZ CASTAÑEDA, NELSON OBREGÓN NEIRA, GINA PAOLA GONZÁLEZ ANGARITA, JOSÉ ALEJANDRO MARTÍNEZ, DARÍO MAURICIO REYES, NICOLÁS GIRALDO CASTRO.",https://doi.org/10.57793/9789587566468
2022,"Springer Nature Singapore, Reviews of Modern Plasma Physics, Volume 6, article number 33, (2022)","Springer Nature Singapore, Reviews of Modern Plasma Physics,","SANTIAGO VARGAS DOMÍNGUEZ, DOMINIK UTZ.",https://link.springer.com/article/10.1007/s41614-022-00094-0
2022,​,"Historias del Cosmos Historias del Cosmos Historias del Cosmos Historias del Cosmos Historias del Cosmos http://www.astroscu.unam.mx/rmaa/RMxAC..54/PDF/RMxAC..54_PHasan-XXX.pdf ISBN 978-958-794-908-7, Vargas Domínguez, S. 2022/9. ISBN 978-958-794-908-7, Vargas Domínguez, S. 2022/9. ISBN 978-958-794-908-7, Vargas Domínguez, S. 2022/9.",SANTIAGO VARGAS DOMINGUEZ.,https://repositorio.unal.edu.co/handle/unal/83752
2022,"2nd Workshop on Astronomy Beyond the Common Senses for Accessibility and Inclusion (2WAI)(Virtual-Modality, November 17-18, 2021).",,"SANTIAGO VARGAS DOMÍNGUEZ, BEATRIZ GARCIA, GARY HEMMING, SONIA DUFFAU, NICOLÁS VÁZQUEZ, ANGELA PÉREZ.",https://scholar.google.com/scholar?oi=bibs&cluster=12197591915661201289&btnI=1&hl=en
2022,​,"INVITED TALKS THE POWER OF LISTENING TO YOUR DATA: OPENING DOORS AND ENHANCING DISCOVERY USING SONIFICATION INVITED TALKS THE POWER OF LISTENING TO YOUR DATA: OPENING DOORS AND ENHANCING DISCOVERY USING SONIFICATION INVITED TALKS THE POWER OF LISTENING TO YOUR DATA: OPENING DOORS AND ENHANCING DISCOVERY USING SONIFICATION INVITED TALKS THE POWER OF LISTENING TO YOUR DATA: OPENING DOORS AND ENHANCING DISCOVERY USING SONIFICATION INVITED TALKS THE POWER OF LISTENING TO YOUR DATA: OPENING DOORS AND ENHANCING DISCOVERY USING SONIFICATION http://www.astroscu.unam.mx/rmaa/RMxAC..54/PDF/RMxAC..54_CONTENTS.pdf 2nd Workshop on Astronomy Beyond the Common Senses for Accessibility and Inclusion (2WAI)(Virtual-Modality, November 17-18, 2021). 2nd Workshop on Astronomy Beyond the Common Senses for Accessibility and Inclusion (2WAI)(Virtual-Modality, November 17-18, 2021). 2nd Workshop on Astronomy Beyond the Common Senses for Accessibility and Inclusion (2WAI)(Virtual-Modality, November 17-18, 2021).","SANTIAGO VARGAS DOMÍNGUEZ, BEATRIZ GARCIA, GARY HEMMING, SONIA DUFFAU.",https://www.astroscu.unam.mx/rmaa/RMxAC..54/PDF/RMxAC..54_CONTENTS.pdf
2022,​,"Caribbean Astronomy for Inclusion (CAI): Transforming “theory” on inclusion into concrete actions Caribbean Astronomy for Inclusion (CAI): Transforming “theory” on inclusion into concrete actions Caribbean Astronomy for Inclusion (CAI): Transforming “theory” on inclusion into concrete actions Caribbean Astronomy for Inclusion (CAI): Transforming “theory” on inclusion into concrete actions Caribbean Astronomy for Inclusion (CAI): Transforming “theory” on inclusion into concrete actions http://www.astroscu.unam.mx/rmaa/RMxAC..54/PDF/RMxAC..54_PHasan-XXX.pdf Revista Mexicana de Astronom´ıa y Astrof´ısica Serie de Conferencias (RMxAC), 54, 84–88 (2022). Revista Mexicana de Astronom´ıa y Astrof´ısica Serie de Conferencias (RMxAC), 54, 84–88 (2022). Revista Mexicana de Astronom´ıa y Astrof´ısica Serie de Conferencias (RMxAC), 54, 84–88 (2022).","B. OCAÑA FLAQUER, W. DIAZ MERCED, S. HAQUE, R. NARCISSE, J. MEJUTO, E. DIAZ, S. VARGAS DOMÍNGUEZ, A. BIERYLA, K. EASTWOOD.",https://doi.org/10.22201/ia.14052059p.2022.54.18
2022,​,"The IAU Women in Astronomy Working Group and Inclusivity The IAU Women in Astronomy Working Group and Inclusivity The IAU Women in Astronomy Working Group and Inclusivity The IAU Women in Astronomy Working Group and Inclusivity The IAU Women in Astronomy Working Group and Inclusivity http://www.astroscu.unam.mx/rmaa/RMxAC..54/PDF/RMxAC..54_PHasan-XXX.pdf Revista Mexicana de Astronomía y Astrofísica, Serie de Conferencias (RMxAC), 54, 129–132 (2022). Revista Mexicana de Astronomía y Astrofísica, Serie de Conferencias (RMxAC), 54, 129–132 (2022). Revista Mexicana de Astronomía y Astrofísica, Serie de Conferencias (RMxAC), 54, 129–132 (2022).","P HASAN, M PANDEY-POMMIER, S VARGAS DOMÍNGUEZ, A PICCIALLI, A SAAD HASSANIN, D LAZZARO, DJ NORMAN, BJ WILKES, J LEIBACHER, CDP LAGOS, J MASEGOSA, L YANG, D VALLS-GABAUD, A BAMBA, J NASTULA.",https://doi.org/10.22201/ia.14052059p.2022.54.30
2022,"ISBN 978-958-49-4995-0, Vargas Domínguez, S, 2022/4.",A,"A OLIVEROS PRADA, W HELMUTH SÁNCHEZ, S VARGAS DOMÍNGUEZ, S. HERNÁNDEZ ARRIETA.",https://scholar.google.com/citations?view_op=view_citation&hl=en&user=9DDaTaAAAAAJ&cstart=20&pagesize=80&sortby=pubdate&citation_for_view=9DDaTaAAAAAJ:cB__R-XWw9UC
2022,"Internacional Astronomical Union Annual Reports, 2022.",,"ILARIA ERMOLLI, ALFIO BONANNO, YOICHIRO HANAOKA, ALEXANDER KOSOVICHEV, KRITOF PETROVAY, PAUL RAJAGURU, MICHAL SVANDA, SANTIAGO VARGAS DOMINGUEZ.",https://www.iau.org/static/science/scientific_bodies/commissions/e1/commission-e1-annual-report-2021-2022.pdf
2022,​,"The Solar Activity Monitor Network – SAMNet The Solar Activity Monitor Network – SAMNet The Solar Activity Monitor Network – SAMNet The Solar Activity Monitor Network – SAMNet Journal of Space Weather and Space Climate, Volume 12, 2022. Journal of Space Weather and Space Climate, Volume 12, 2022. Journal of Space Weather and Space Climate, Volume 12, 2022.",ROBERTUS ERDÉLYI ET AL. (INCLUDING SANTIAGO VARGAS DOMÍNGUEZ.,https://www.swsc-journal.org/articles/swsc/full_html/2022/01/swsc200065/swsc200065.html
2022,​,"Observational evidence for two-component distributions describing solar magnetic bright points Observational evidence for two-component distributions describing solar magnetic bright points Observational evidence for two-component distributions describing solar magnetic bright points Observational evidence for two-component distributions describing solar magnetic bright points Astronomy and Astrophysics, 2022, Vol. 657. Astronomy and Astrophysics, 2022, Vol. 657. Astronomy and Astrophysics, 2022, Vol. 657.","GERARDINE BERRIOS SAAVEDRA, DOMINIK UTZ, SANTIAGO VARGAS DOMÍNGUEZ, JOSÉ IVÁN CAMPOS ROZO, SERGIO JAVIER GONZÁLEZ MANRIQUE, PETER GÖMÖRY, CHRISTOPH KUCKEIN, HORST BALTHASAR, PETER ZELINA.",https://www.aanda.org/articles/aa/abs/2022/01/aa41231-21/aa41231-21.html
2021,​,"Three-dimensional magnetic reconnection in particle-in-cell simulations of anisotropic plasma turbulence Three-dimensional magnetic reconnection in particle-in-cell simulations of anisotropic plasma turbulence Three-dimensional magnetic reconnection in particle-in-cell simulations of anisotropic plasma turbulence Three-dimensional magnetic reconnection in particle-in-cell simulations of anisotropic plasma turbulence Journal of Plasma Physics ISSN: 0022-3778, 2021 vol:87 fasc: págs: 1 - 35, DOI:10.1017/S0022377821000404 Journal of Plasma Physics ISSN: 0022-3778, 2021 vol:87 fasc: págs: 1 - 35, DOI:10.1017/S0022377821000404 Journal of Plasma Physics ISSN: 0022-3778, 2021 vol:87 fasc: págs: 1 - 35, DOI:10.1017/S0022377821000404","JEFFERSSON A. AGUDELO RUEDA, DANIEL VERSCHAREN, ROBERT T. WICKS, CHRISTOPHER J. OWEN, GEORGIOS NICOLAOU, ANDREW P. WALSH, IOANNIS ZOUGANELIS, KAI GERMASCHEWSKI, SANTIAGO VARGAS DOMÍNGUEZ",https://www.cambridge.org/core/journals/journal-of-plasma-physics/article/threedimensional-magnetic-reconnection-in-particleincell-simulations-of-anisotropic-plasma-turbulence/83BF0275A43DADC67ED50A7E94CE3ACD
2021,​,"Latin American Network for Scientific Culture (RedLCC): A Regional Science Communication Initiative Latin American Network for Scientific Culture (RedLCC): A Regional Science Communication Initiative Latin American Network for Scientific Culture (RedLCC): A Regional Science Communication Initiative Latin American Network for Scientific Culture (RedLCC): A Regional Science Communication Initiative Frontiers in Research Metrics and Analytics ISSN: 2504-0537, 2021 vol:6 fasc: págs: 1 - 5, DOI:10.3389/frma.2021.654022 Frontiers in Research Metrics and Analytics ISSN: 2504-0537, 2021 vol:6 fasc: págs: 1 - 5, DOI:10.3389/frma.2021.654022 Frontiers in Research Metrics and Analytics ISSN: 2504-0537, 2021 vol:6 fasc: págs: 1 - 5, DOI:10.3389/frma.2021.654022","FELIX MORONTA-BARRIOS, SANTIAGO VARGAS DOMÍNGUEZ, MELANIE NUESCH-GERMANO, VICENTE TORRES, KATHERINA SELVAGGI, CECILIA DI PRINZIO, EMMA O'BRIEN, VICTOR HERNANDEZ, MARTIN MONTEIRO",https://www.frontiersin.org/articles/10.3389/frma.2021.654022/full
2021,​,"The active region source of a type III radio storm observed by Parker Solar Probe during Encounter 2 The active region source of a type III radio storm observed by Parker Solar Probe during Encounter 2 The active region source of a type III radio storm observed by Parker Solar Probe during Encounter 2 The active region source of a type III radio storm observed by Parker Solar Probe during Encounter 2 Astronomy & Astrophysics ISSN: 0004-6361, 2021 vol:650 fasc: págs: 1 - 13, DOI:10.1051/0004-6361/202039514 Astronomy & Astrophysics ISSN: 0004-6361, 2021 vol:650 fasc: págs: 1 - 13, DOI:10.1051/0004-6361/202039514 Astronomy & Astrophysics ISSN: 0004-6361, 2021 vol:650 fasc: págs: 1 - 13, DOI:10.1051/0004-6361/202039514","LOUISE HARRA, DAVID H BROOKS, STUART D BALE, CH MANDRINI, KRZYSZTOF BARCZYNSKI, ROHIT SHARMA, SAMUEL T BADMAN, S VARGAS DOMINGUEZ, MARC PULUPA",https://www.aanda.org/articles/aa/abs/2021/06/aa39514-20/aa39514-20.html
2021,​,"Análisis de polaridades magnéticas en regiones activas para la predicción de fulguraciones solares Análisis de polaridades magnéticas en regiones activas para la predicción de fulguraciones solares Análisis de polaridades magnéticas en regiones activas para la predicción de fulguraciones solares Análisis de polaridades magnéticas en regiones activas para la predicción de fulguraciones solares Revista De La Academia Colombiana De Ciencias Exactas, Físicas Y Naturales ISSN: 0370-3908, 2020 vol:44 fasc: págs: 984 - 995, DOI:10.18257/raccefyn.1196 Revista De La Academia Colombiana De Ciencias Exactas, Físicas Y Naturales ISSN: 0370-3908, 2020 vol:44 fasc: págs: 984 - 995, DOI:10.18257/raccefyn.1196 Revista De La Academia Colombiana De Ciencias Exactas, Físicas Y Naturales ISSN: 0370-3908, 2020 vol:44 fasc: págs: 984 - 995, DOI:10.18257/raccefyn.1196","NATALIA GRANADOS HERNÁNDEZ, SANTIAGO VARGAS DOMINGUEZ",https://raccefyn.co/index.php/raccefyn/article/view/1196
2021,​,"Comparative analysis of sky quality and meteorological variables during the total lunar eclipse on 14-15 April 2014 and their effect on qualitative measurements of the Bortle scale Comparative analysis of sky quality and meteorological variables during the total lunar eclipse on 14-15 April 2014 and their effect on qualitative measurements of the Bortle scale Comparative analysis of sky quality and meteorological variables during the total lunar eclipse on 14-15 April 2014 and their effect on qualitative measurements of the Bortle scale Comparative analysis of sky quality and meteorological variables during the total lunar eclipse on 14-15 April 2014 and their effect on qualitative measurements of the Bortle scale Revista Mexicana de Astronomia y Astrofisica ISSN: 0185-1101, 2020 vol:57 fasc: págs: 57 - 66, DOI:10.22201/ia.01851101p.2021.57.01.03 Revista Mexicana de Astronomia y Astrofisica ISSN: 0185-1101, 2020 vol:57 fasc: págs: 57 - 66, DOI:10.22201/ia.01851101p.2021.57.01.03 Revista Mexicana de Astronomia y Astrofisica ISSN: 0185-1101, 2020 vol:57 fasc: págs: 57 - 66, DOI:10.22201/ia.01851101p.2021.57.01.03","CRISTIAN GOEZ, SANTIAGO VARGAS DOMINGUEZ",
2020,​,"Ultra-impulsive solar flare seismology Ultra-impulsive solar flare seismology Ultra-impulsive solar flare seismology Ultra-impulsive solar flare seismology Astrophysical Journal Letters ISSN: 2041-8205, 2020 vol:895 fasc: 1 págs: 19 - 24, DOI:10.3847/2041-8213/ab9173 Astrophysical Journal Letters ISSN: 2041-8205, 2020 vol:895 fasc: 1 págs: 19 - 24, DOI:10.3847/2041-8213/ab9173 Astrophysical Journal Letters ISSN: 2041-8205, 2020 vol:895 fasc: 1 págs: 19 - 24, DOI:10.3847/2041-8213/ab9173","CHARLES LINDSEY, BENJAMIN CALVO MOZO, JUAN CAMILO BUITRAGO CASAS, JUAN CARLOS MARTINEZ OLIVEROS, VALERIA QUINTERO ORTEGA, ANGEL DANIEL MARTINEZ CIFUENTES",https://iopscience.iop.org/article/10.3847/2041-8213/ab9173
2020,​,"An in situ interplanetary ""U-burst"": observation and results An in situ interplanetary ""U-burst"": observation and results An in situ interplanetary ""U-burst"": observation and results An in situ interplanetary ""U-burst"": observation and results Astrophysical Journal ISSN: 1538-4357, 2020 vol:897 fasc: 2 págs: 170 - 176, DOI:10.3847/1538-4357/ab96c3 Astrophysical Journal ISSN: 1538-4357, 2020 vol:897 fasc: 2 págs: 170 - 176, DOI:10.3847/1538-4357/ab96c3 Astrophysical Journal ISSN: 1538-4357, 2020 vol:897 fasc: 2 págs: 170 - 176, DOI:10.3847/1538-4357/ab96c3","BENJAMIN CALVO MOZO, JUAN CARLOS MARTINEZ OLIVEROS, SAIDA MILENA DIAZ CASTILLO",https://iopscience.iop.org/article/10.3847/1538-4357/ab96c3
2020,​,"Submerged sources of transient acoustic emission from solar flares Submerged sources of transient acoustic emission from solar flares Submerged sources of transient acoustic emission from solar flares Submerged sources of transient acoustic emission from solar flares Astrophysical Journal Letters ISSN: 2041-8205, 2020 vol:901 fasc: 1 págs: 9 - 16, DOI:10.3847/2041-8213/abad2a Astrophysical Journal Letters ISSN: 2041-8205, 2020 vol:901 fasc: 1 págs: 9 - 16, DOI:10.3847/2041-8213/abad2a Astrophysical Journal Letters ISSN: 2041-8205, 2020 vol:901 fasc: 1 págs: 9 - 16, DOI:10.3847/2041-8213/abad2a","BENJAMIN CALVO MOZO, CHARLES LINDSEY, JUAN CAMILO BUITRAGO CASAS, JUAN CARLOS MARTINEZ OLIVEROS, VALERIA QUINTERO ORTEGA, ANGEL DANIEL MARTINEZ CIFUENTES",https://iopscience.iop.org/article/10.3847/2041-8213/abad2a
2020,​,"Nodo colombiano para la Red Internacional de Monitoreo de Actividad Solar Nodo colombiano para la Red Internacional de Monitoreo de Actividad Solar Nodo colombiano para la Red Internacional de Monitoreo de Actividad Solar Nodo colombiano para la Red Internacional de Monitoreo de Actividad Solar Innovación Y Ciencia ISSN: 0121-5140, 2020 vol:27 fasc: págs: 1 - 5, Innovación Y Ciencia ISSN: 0121-5140, 2020 vol:27 fasc: págs: 1 - 5, Innovación Y Ciencia ISSN: 0121-5140, 2020 vol:27 fasc: págs: 1 - 5,","RAUL JOYA, SANTIAGO VARGAS DOMINGUEZ, CHARLES TRIANA, JAVIER SÁNCHEZ, DOMENICO BONACCINI CALIA",https://innovacionyciencia.com/articulos_cientificos/nodo-colombiano-para-la-red-internacional-de-monitoreo-de-actividad-solar
2019,​,"The Educational and Influential Power of the Sun The Educational and Influential Power of the Sun The Educational and Influential Power of the Sun The Educational and Influential Power of the Sun Communicating Astronomy With The Public Journal ISSN: 1996-563X, 2019 vol:25 fasc: págs: 28 - 33, DOI: Communicating Astronomy With The Public Journal ISSN: 1996-563X, 2019 vol:25 fasc: págs: 28 - 33, DOI: Communicating Astronomy With The Public Journal ISSN: 1996-563X, 2019 vol:25 fasc: págs: 28 - 33, DOI:","ALEJANDRO CÁRDENAS, SANTIAGO VARGAS DOMINGUEZ, FREDY MORENO, BENJAMÍN CALVO",https://www.capjournal.org/issues/25/25_28.pdf
2019,​,"Photospheric plasma and magnetic field dynamics during the formation of solar AR 11190 Photospheric plasma and magnetic field dynamics during the formation of solar AR 11190 Photospheric plasma and magnetic field dynamics during the formation of solar AR 11190 Photospheric plasma and magnetic field dynamics during the formation of solar AR 11190 Astronomy & Astrophysics ISSN: 0004-6361, 2019 vol:622 fasc: págs: 1 - 14, DOI:10.1051/0004-6361/201832760 Astronomy & Astrophysics ISSN: 0004-6361, 2019 vol:622 fasc: págs: 1 - 14, DOI:10.1051/0004-6361/201832760 Astronomy & Astrophysics ISSN: 0004-6361, 2019 vol:622 fasc: págs: 1 - 14, DOI:10.1051/0004-6361/201832760","JOSE IVAN CAMPOS ROZO, DOMINIK UTZ,  SANTIAGO VARGAS DOMÍNGUEZ2, ASTRID VERONIG, TOM VAN DOORSSELAERE",https://www.aanda.org/articles/aa/full_html/2019/02/aa32760-18/aa32760-18.html
2018,​,"FM14 Session 2: Communicating Astronomy in our Changing World FM14 Session 2: Communicating Astronomy in our Changing World FM14 Session 2: Communicating Astronomy in our Changing World FM14 Session 2: Communicating Astronomy in our Changing World Proceedings of the International Astronomical Union ISSN: 1743-9213, 2018 vol:14 fasc: págs: 528 - 530, DOI:10.1017/S1743921319005283 Proceedings of the International Astronomical Union ISSN: 1743-9213, 2018 vol:14 fasc: págs: 528 - 530, DOI:10.1017/S1743921319005283 Proceedings of the International Astronomical Union ISSN: 1743-9213, 2018 vol:14 fasc: págs: 528 - 530, DOI:10.1017/S1743921319005283",SANTIAGO VARGAS DOMINGUEZ,https://www.cambridge.org/core/journals/proceedings-of-the-international-astronomical-union/article/fm14-session-2-communicating-astronomy-in-our-changing-world/623E5823A07F88F010633501843B93D4
2018,​,"Análisis de la dinámica fotosférica a gran escala durante el ciclo solar 24 Análisis de la dinámica fotosférica a gran escala durante el ciclo solar 24 Análisis de la dinámica fotosférica a gran escala durante el ciclo solar 24 Análisis de la dinámica fotosférica a gran escala durante el ciclo solar 24 Scientia Et Technica ISSN: 0122-1701, 2018 vol:23 fasc: págs: 288 - 292, DOI: Scientia Et Technica ISSN: 0122-1701, 2018 vol:23 fasc: págs: 288 - 292, DOI: Scientia Et Technica ISSN: 0122-1701, 2018 vol:23 fasc: págs: 288 - 292, DOI:","VALERIA QUINTERO, JOSE IVÁN CAMPOS, SANTIAGO VARGAS DOMINGUEZ",https://www.redalyc.org/articulo.oa?id=84958001028
2018,​,"A statistical study of photospheric magnetic field changes during 75 solar flares A statistical study of photospheric magnetic field changes during 75 solar flares A statistical study of photospheric magnetic field changes during 75 solar flares A statistical study of photospheric magnetic field changes during 75 solar flares Astrophysical Journal ISSN: 1538-4357, 2018 vol:852 fasc: 1 págs: 25 - 38, DOI:10.3847/1538-4357/aa9d37 Astrophysical Journal ISSN: 1538-4357, 2018 vol:852 fasc: 1 págs: 25 - 38, DOI:10.3847/1538-4357/aa9d37 Astrophysical Journal ISSN: 1538-4357, 2018 vol:852 fasc: 1 págs: 25 - 38, DOI:10.3847/1538-4357/aa9d37","JUAN SEBASTIAN CASTELLANOS DURAN, BENJAMIN CALVO MOZO",https://iopscience.iop.org/article/10.3847/1538-4357/aa9d37
2017,​,"Tuning up Fuzzy Inference Systems by using optimization algorithms for the classification of solar flares Tuning up Fuzzy Inference Systems by using optimization algorithms for the classification of solar flares Tuning up Fuzzy Inference Systems by using optimization algorithms for the classification of solar flares Tuning up Fuzzy Inference Systems by using optimization algorithms for the classification of solar flares Tecciencia ISSN: 2422-3670, 2017 vol:12 fasc: págs: 33 - 42, DOI:10.18180/tecciencia.2017.23.5 Tecciencia ISSN: 2422-3670, 2017 vol:12 fasc: págs: 33 - 42, DOI:10.18180/tecciencia.2017.23.5 Tecciencia ISSN: 2422-3670, 2017 vol:12 fasc: págs: 33 - 42, DOI:10.18180/tecciencia.2017.23.5","LIZ ANGÉLICA RAMOS, ALEX FRANCISCO BUSTOS PINZÓN, MIGUEL A MELGAREJO R, SANTIAGO VARGAS DOMÍNGUEZ",https://arxiv.org/abs/1706.08163
2017,​,"The Sun and its educational spectrum The Sun and its educational spectrum The Sun and its educational spectrum The Sun and its educational spectrum Communicating Astronomy With The Public Journal ISSN: 1996-563X, 2017 vol:25 fasc: págs: 28 - 33, DOI: Communicating Astronomy With The Public Journal ISSN: 1996-563X, 2017 vol:25 fasc: págs: 28 - 33, DOI: Communicating Astronomy With The Public Journal ISSN: 1996-563X, 2017 vol:25 fasc: págs: 28 - 33, DOI:","ALEJANDRO CÁRDENAS, SANTIAGO VARGAS DOMINGUEZ, FREDY MORENO, BENJAMIN CALVO",https://www.semanticscholar.org/paper/The-Sun-and-its-educational-spectrum-C%C3%A1rdenas-Avenda%C3%B1o-Dominguez/5e6a309f016d1b915a97634262fb0697a99ff215
2017,​,"A Python-based interface to examine motions in time series of solar images A Python-based interface to examine motions in time series of solar images A Python-based interface to examine motions in time series of solar images A Python-based interface to examine motions in time series of solar images Proceedings of the International Astronomical Union ISSN: 1743-9213, 2017 vol:327 fasc: págs: 25 - 27, DOI:10.1017/S174392131700463X Proceedings of the International Astronomical Union ISSN: 1743-9213, 2017 vol:327 fasc: págs: 25 - 27, DOI:10.1017/S174392131700463X Proceedings of the International Astronomical Union ISSN: 1743-9213, 2017 vol:327 fasc: págs: 25 - 27, DOI:10.1017/S174392131700463X",JOSE IVAN CAMPOS SANTIAGO VARGAS DOMINGUEZ,https://www.cambridge.org/core/journals/proceedings-of-the-international-astronomical-union/article/pythonbased-interface-to-examine-motions-in-time-series-of-solar-images/A20607A55F12C7E4E4A2B413940CA102
2017,​,"Initiation and chromospheric effects of a M1.0 class solar flare from high-resolution multi-wavelength observations Initiation and chromospheric effects of a M1.0 class solar flare from high-resolution multi-wavelength observations Initiation and chromospheric effects of a M1.0 class solar flare from high-resolution multi-wavelength observations Initiation and chromospheric effects of a M1.0 class solar flare from high-resolution multi-wavelength observations Proceedings of the International Astronomical Union ISSN: 1743-9213, 2017 vol:327 fasc: págs: 103 - 108, DOI: Proceedings of the International Astronomical Union ISSN: 1743-9213, 2017 vol:327 fasc: págs: 103 - 108, DOI: Proceedings of the International Astronomical Union ISSN: 1743-9213, 2017 vol:327 fasc: págs: 103 - 108, DOI:","VM SADYKOV, AG KOSOVICHEV, IN SHARYKIN, IV ZIMOVETS, S VARGAS DOMINGUEZ",https://www.cambridge.org/core/journals/proceedings-of-the-international-astronomical-union/article/initiation-and-chromospheric-effects-of-a-m10-class-solar-flare-from-highresolution-multiwavelength-observations/BA484DC26C328B0C4A008BC7D90D8112
2017,​,"Polar Facular Observations by the Zurich Observatory: A Window to the Evolution of the Polar Fields during the Weakest Cycles of the Last 200 Years Polar Facular Observations by the Zurich Observatory: A Window to the Evolution of the Polar Fields during the Weakest Cycles of the Last 200 Years Polar Facular Observations by the Zurich Observatory: A Window to the Evolution of the Polar Fields during the Weakest Cycles of the Last 200 Years Polar Facular Observations by the Zurich Observatory: A Window to the Evolution of the Polar Fields during the Weakest Cycles of the Last 200 Years Bulletin Of The American Astronomical Society ISSN: 0002-7537, 2017 vol:48 fasc: págs: 1 - 5, DOI: Bulletin Of The American Astronomical Society ISSN: 0002-7537, 2017 vol:48 fasc: págs: 1 - 5, DOI: Bulletin Of The American Astronomical Society ISSN: 0002-7537, 2017 vol:48 fasc: págs: 1 - 5, DOI:","JUAN PABLO VARGAS, ANDRES MUÑOZ,  SANTIAGO VARGAS DOMINGUEZ",https://ui.adsabs.harvard.edu/abs/2017SPD....48.0501V/abstract
2017,​,"Update on a Solar Magnetic Catalog Spanning Four Solar Cycles Update on a Solar Magnetic Catalog Spanning Four Solar Cycles Update on a Solar Magnetic Catalog Spanning Four Solar Cycles Update on a Solar Magnetic Catalog Spanning Four Solar Cycles Bulletin Of The American Astronomical Society ISSN: 0002-7537, 2017 vol:48 fasc: págs: 1 - 4, DOI: Bulletin Of The American Astronomical Society ISSN: 0002-7537, 2017 vol:48 fasc: págs: 1 - 4, DOI: Bulletin Of The American Astronomical Society ISSN: 0002-7537, 2017 vol:48 fasc: págs: 1 - 4, DOI:","JUAN PABLO VARGAS, ANDRES MUÑOZ, SANTIAGO VARGAS DOMINGUEZ, LEIF SVALGAARD",https://ui.adsabs.harvard.edu/abs/2017SPD....4811202V/abstract
2017,​,"The effect of Cepheids exhibitting blending, bumps, eclipses and period changes on the Period-Luminosity relation The effect of Cepheids exhibitting blending, bumps, eclipses and period changes on the Period-Luminosity relation The effect of Cepheids exhibitting blending, bumps, eclipses and period changes on the Period-Luminosity relation The effect of Cepheids exhibitting blending, bumps, eclipses and period changes on the Period-Luminosity relation Revista Mexicana De Astronomia Y Astrofisica, Serie De Conferencias ISSN: 1405-2059, 2017 vol:49 fasc: págs: 165 - 165, DOI: Revista Mexicana De Astronomia Y Astrofisica, Serie De Conferencias ISSN: 1405-2059, 2017 vol:49 fasc: págs: 165 - 165, DOI: Revista Mexicana De Astronomia Y Astrofisica, Serie De Conferencias ISSN: 1405-2059, 2017 vol:49 fasc: págs: 165 - 165, DOI:","ALEJANDRO GARCÍA, JAIME JUÑOZ, BEATRIZ SABOGAL, SANTIAGO VARGAS DOMINGUEZ, JORGE MARTÍNEZ",https://www.redalyc.org/pdf/571/57153211146.pdf
2017,​,"Flare Energy Release in the Lower Solar Atmosphere near the Magnetic Field Polarity Inversion Line Flare Energy Release in the Lower Solar Atmosphere near the Magnetic Field Polarity Inversion Line Flare Energy Release in the Lower Solar Atmosphere near the Magnetic Field Polarity Inversion Line Flare Energy Release in the Lower Solar Atmosphere near the Magnetic Field Polarity Inversion Line Estados Unidos, Astrophysical Journal ISSN: 0004-637X, 2017 vol:840 fasc: 2 págs: 84 - 97, DOI: Estados Unidos, Astrophysical Journal ISSN: 0004-637X, 2017 vol:840 fasc: 2 págs: 84 - 97, DOI: Estados Unidos, Astrophysical Journal ISSN: 0004-637X, 2017 vol:840 fasc: 2 págs: 84 - 97, DOI:","I. N. SHARYKIN, V. M. SADYKOV, A. G. KOSOVICHEV3, S. VARGAS-DOMINGUEZ4, AND I. V. ZIMOVETS",https://iopscience.iop.org/article/10.3847/1538-4357/aa6dfd
2017,​,"The best of both worlds: Using automatic detection and limited human supervision to create a homogenous magnetic catalog spanning four solar cycles The best of both worlds: Using automatic detection and limited human supervision to create a homogenous magnetic catalog spanning four solar cycles The best of both worlds: Using automatic detection and limited human supervision to create a homogenous magnetic catalog spanning four solar cycles The best of both worlds: Using automatic detection and limited human supervision to create a homogenous magnetic catalog spanning four solar cycles iInternational Conference On Robotics And Automation ISSN: 1049-3492, 2017 vol:1 fasc: págs: - , DOI:10.1109/BigData.2016.7840975 iInternational Conference On Robotics And Automation ISSN: 1049-3492, 2017 vol:1 fasc: págs: - , DOI:10.1109/BigData.2016.7840975 iInternational Conference On Robotics And Automation ISSN: 1049-3492, 2017 vol:1 fasc: págs: - , DOI:10.1109/BigData.2016.7840975","JUAN PABLO VARGAS, ANDRES MUÑOZ, SANTIAGO VARGAS DOMINGUEZ, LEIF SVALGAARD",https://ieeexplore.ieee.org/document/7840975
2017,​,"The Carrington event and observation of aurorae at very low latitudes The Carrington event and observation of aurorae at very low latitudes The Carrington event and observation of aurorae at very low latitudes The Carrington event and observation of aurorae at very low latitudes Revista Mexicana De Astronomia Y Astrofisica, Serie De Conferencias ISSN: 1405-2059, 2017 vol:49 fasc: págs: 150 - 150, DOI: Revista Mexicana De Astronomia Y Astrofisica, Serie De Conferencias ISSN: 1405-2059, 2017 vol:49 fasc: págs: 150 - 150, DOI: Revista Mexicana De Astronomia Y Astrofisica, Serie De Conferencias ISSN: 1405-2059, 2017 vol:49 fasc: págs: 150 - 150, DOI:","FREDY MORENO CARDENAS, SERGIO CRISTANCHO SANCHEZ, SANTIAGO VARGAS DOMINGUEZ",https://www.redalyc.org/pdf/571/57153211116.pdf
2016,​,"Relationship Between Chromospheric Evaporation and Magnetic Field Topology in an M-Class Solar Flare Relationship Between Chromospheric Evaporation and Magnetic Field Topology in an M-Class Solar Flare Relationship Between Chromospheric Evaporation and Magnetic Field Topology in an M-Class Solar Flare Relationship Between Chromospheric Evaporation and Magnetic Field Topology in an M-Class Solar Flare Astrophysical Journal ISSN: 0004-637X, 2016 vol:828 fasc: págs: 4 - 13, DOI:10.3847/0004-637X/828/1/4 Astrophysical Journal ISSN: 0004-637X, 2016 vol:828 fasc: págs: 4 - 13, DOI:10.3847/0004-637X/828/1/4 Astrophysical Journal ISSN: 0004-637X, 2016 vol:828 fasc: págs: 4 - 13, DOI:10.3847/0004-637X/828/1/4","SADYKOV, VIACHESLAV,  KOSOVICHEV, ALEXANDER G, SHARYKIN, IVAN N, ZIMOVETS, IVAN V., VARGAS DOMINGUEZ, SANTIAGO",https://iopscience.iop.org/article/10.3847/0004-637X/828/1/4
2016,​,"The Grand Aurorae Borealis Seen in Colombia in 1859 The Grand Aurorae Borealis Seen in Colombia in 1859 The Grand Aurorae Borealis Seen in Colombia in 1859 The Grand Aurorae Borealis Seen in Colombia in 1859 Advances in Space Research ISSN: 0273-1177, 2016 vol:57 fasc: 11 págs: 257 - 267, DOI: Advances in Space Research ISSN: 0273-1177, 2016 vol:57 fasc: 11 págs: 257 - 267, DOI: Advances in Space Research ISSN: 0273-1177, 2016 vol:57 fasc: 11 págs: 257 - 267, DOI:","FREDY MORENO CARDENAS, SERGIO CRISTANCHO SANCHEZ, SANTIAGO VARGAS DOMINGUEZ",https://www.sciencedirect.com/science/article/abs/pii/S0273117715006109?via%3Dihub
2016,​,"The Influential Effect of Blending, Bump, Changing Period, and Eclipsing Cepheids on the Leavitt Law The Influential Effect of Blending, Bump, Changing Period, and Eclipsing Cepheids on the Leavitt Law The Influential Effect of Blending, Bump, Changing Period, and Eclipsing Cepheids on the Leavitt Law The Influential Effect of Blending, Bump, Changing Period, and Eclipsing Cepheids on the Leavitt Law Astrophysical Journal ISSN: 0004-637X, 2016 vol:824 fasc: págs: 74 - 88, DOI:10.3847/0004-637X/824/2/74 Astrophysical Journal ISSN: 0004-637X, 2016 vol:824 fasc: págs: 74 - 88, DOI:10.3847/0004-637X/824/2/74 Astrophysical Journal ISSN: 0004-637X, 2016 vol:824 fasc: págs: 74 - 88, DOI:10.3847/0004-637X/824/2/74","ALEJANDRO GARCÍA, JAIME JUÑOZ, BEATRIZ SABOGAL, SANTIAGO VARGAS DOMINGUEZ, JORGE MARTÍNEZ",https://iopscience.iop.org/article/10.3847/0004-637X/824/2/74
2016,​,"Developing a Solar Magnetic Catalog Spanning Four Cycles Developing a Solar Magnetic Catalog Spanning Four Cycles Developing a Solar Magnetic Catalog Spanning Four Cycles Developing a Solar Magnetic Catalog Spanning Four Cycles Bulletin Of The American Astronomical Society ISSN: 0002-7537, 2016 vol:47 fasc: N/A págs: 1 - 5, Bulletin Of The American Astronomical Society ISSN: 0002-7537, 2016 vol:47 fasc: N/A págs: 1 - 5, Bulletin Of The American Astronomical Society ISSN: 0002-7537, 2016 vol:47 fasc: N/A págs: 1 - 5,","JUAN PABLO VARGAS, ANDRES MUÑOZ, SANTIAGO VARGAS DOMINGUEZ, LEIF SVALGAARD",https://ui.adsabs.harvard.edu/abs/2016SPD....4740502W/abstract
2016,​,"Observational Investigation of Energy Release in the Lower Solar Atmosphere of a Solar Flare Observational Investigation of Energy Release in the Lower Solar Atmosphere of a Solar Flare Observational Investigation of Energy Release in the Lower Solar Atmosphere of a Solar Flare Observational Investigation of Energy Release in the Lower Solar Atmosphere of a Solar Flare Astronomy & Astrophysics ISSN: 0004-6361, 2016 vol:588 fasc: págs: 1 - 35, DOI: Astronomy & Astrophysics ISSN: 0004-6361, 2016 vol:588 fasc: págs: 1 - 35, DOI: Astronomy & Astrophysics ISSN: 0004-6361, 2016 vol:588 fasc: págs: 1 - 35, DOI:","I. N. SHARYKIN, V. M. SADYKOV, A. G. KOSOVICHEV, S. VARGAS-DOMINGUEZ4, AND I. V. ZIMOVETS",https://arxiv.org/abs/1604.05380
2016,​,"Multi-wavelength Observations of Photospheric Vortex Flows in the Photosphere Using Ground-based and Space-borne Telescopes Multi-wavelength Observations of Photospheric Vortex Flows in the Photosphere Using Ground-based and Space-borne Telescopes Multi-wavelength Observations of Photospheric Vortex Flows in the Photosphere Using Ground-based and Space-borne Telescopes Multi-wavelength Observations of Photospheric Vortex Flows in the Photosphere Using Ground-based and Space-borne Telescopes Astronomical Society Of The Pacific Conference Series ISSN: 1050-3390, 2016 vol:504 fasc: N/A págs: 139 - 144, Astronomical Society Of The Pacific Conference Series ISSN: 1050-3390, 2016 vol:504 fasc: N/A págs: 139 - 144, Astronomical Society Of The Pacific Conference Series ISSN: 1050-3390, 2016 vol:504 fasc: N/A págs: 139 - 144,","SANTIAGO VARGAS DOMINGUEZ, A. G. KOSOVICHEV, V. M. SADYKOV",https://arxiv.org/abs/1704.00660
2016,​,"Development of a Homogenous Database of Bipolar Active Regions Spanning Four Cycles Development of a Homogenous Database of Bipolar Active Regions Spanning Four Cycles Development of a Homogenous Database of Bipolar Active Regions Spanning Four Cycles Development of a Homogenous Database of Bipolar Active Regions Spanning Four Cycles Transactions - American Geophysical Union ISSN: 0002-8606, 2016 vol:1 fasc: N/A págs: 1 - 5, DOI: Transactions - American Geophysical Union ISSN: 0002-8606, 2016 vol:1 fasc: N/A págs: 1 - 5, DOI: Transactions - American Geophysical Union ISSN: 0002-8606, 2016 vol:1 fasc: N/A págs: 1 - 5, DOI:","A. MUNOZ-JARAMILLO, Z. A. WERGINZ, J. P. VARGAS-ACOSTA, M. D. DELUCA, S. VARGAS-DOMINGUEZ, D. A. LAMB, C. E. DEFOREST, D. W. LONGCOPE, P. MARTENS",https://agu.confex.com/agu/fm16/meetingapp.cgi/Paper/128917
2016,​,"Impulsivity parameter for solar flares Impulsivity parameter for solar flares Impulsivity parameter for solar flares Impulsivity parameter for solar flares Astrophysical Journal ISSN: 0004-637X, 2016 vol:818 fasc: 1 págs: 56 - 62, DOI:10.3847/0004-637X/818/1/56 Astrophysical Journal ISSN: 0004-637X, 2016 vol:818 fasc: 1 págs: 56 - 62, DOI:10.3847/0004-637X/818/1/56 Astrophysical Journal ISSN: 0004-637X, 2016 vol:818 fasc: 1 págs: 56 - 62, DOI:10.3847/0004-637X/818/1/56","JULIAN DAVID ALVARADO GOMEZ, BENJAMIN CALVO MOZO, JUAN CARLOS MARTINEZ OLIVEROS, WILMAR GERMAN FAJARDO MENDIETA",https://iopscience.iop.org/article/10.3847/0004-637X/818/1/56
2016,​,"Influence of a plasma swirl motion on fine magnetic concentrations in the solar photosphere Influence of a plasma swirl motion on fine magnetic concentrations in the solar photosphere Influence of a plasma swirl motion on fine magnetic concentrations in the solar photosphere Influence of a plasma swirl motion on fine magnetic concentrations in the solar photosphere Tecciencia ISSN: 2422-3670, 2016 vol:11 fasc: págs: 1 - 4, DOI: Tecciencia ISSN: 2422-3670, 2016 vol:11 fasc: págs: 1 - 4, DOI: Tecciencia ISSN: 2422-3670, 2016 vol:11 fasc: págs: 1 - 4, DOI:","SANTIAGO VARGAS DOMÍNGUEZ, JUDITH PALACIOS, LAURA BALMACEDA, IBALLA CABELLO, VICENTE DOMINGO",https://revistas.ecci.edu.co/index.php/TECCIENCIA/article/view/298
2015,​,"Python Implementation for Local Correlation Tracking Analysis of Solar Data Python Implementation for Local Correlation Tracking Analysis of Solar Data Python Implementation for Local Correlation Tracking Analysis of Solar Data Python Implementation for Local Correlation Tracking Analysis of Solar Data Transactions - American Geophysical Union ISSN: 0002-8606, 2015 vol:1 fasc: N/A págs: 1 - 4, DOI: Transactions - American Geophysical Union ISSN: 0002-8606, 2015 vol:1 fasc: N/A págs: 1 - 4, DOI: Transactions - American Geophysical Union ISSN: 0002-8606, 2015 vol:1 fasc: N/A págs: 1 - 4, DOI:","SANTIAGO VARGAS DOMINGUEZ, JOSE IVAN CAMPOS ROZO",https://agu.confex.com/agu/fm15/meetingapp.cgi/Paper/70512
2015,​,"Contextualizing Solar Cycle 24: Report on the Development of a Homogenous Database of Bipolar Active Regions Spanning Four Cycles Contextualizing Solar Cycle 24: Report on the Development of a Homogenous Database of Bipolar Active Regions Spanning Four Cycles Contextualizing Solar Cycle 24: Report on the Development of a Homogenous Database of Bipolar Active Regions Spanning Four Cycles Contextualizing Solar Cycle 24: Report on the Development of a Homogenous Database of Bipolar Active Regions Spanning Four Cycles Transactions - American Geophysical Union ISSN: 0002-8606, 2015 vol:1 fasc: págs: 1 - 4, DOI: Transactions - American Geophysical Union ISSN: 0002-8606, 2015 vol:1 fasc: págs: 1 - 4, DOI: Transactions - American Geophysical Union ISSN: 0002-8606, 2015 vol:1 fasc: págs: 1 - 4, DOI:","MUNOZ-JARAMILLO, A. ; WERGINZ, Z. A. ; DELUCA, M. D. ; VARGAS-ACOSTA, J. P. ; LONGCOPE, D. W. ; HARVEY, J. W. ; MARTENS, P. ; ZHANG, J. ; VARGAS-DOMINGUEZ, S. SEARCH BY ORCID ; DEFOREST, C. E. ; LAMB, D. A.",https://ui.adsabs.harvard.edu/abs/2015AGUFMSH33D..06M/abstract
2015,​,"A statistical correlation of sunquakes based on their seismic and white-light emission A statistical correlation of sunquakes based on their seismic and white-light emission A statistical correlation of sunquakes based on their seismic and white-light emission A statistical correlation of sunquakes based on their seismic and white-light emission Solar Physics ISSN: 0038-0938, 2015 vol:290 fasc: págs: 3151 - 3162, DOI:10.1007/s11207-015-0786-9 Solar Physics ISSN: 0038-0938, 2015 vol:290 fasc: págs: 3151 - 3162, DOI:10.1007/s11207-015-0786-9 Solar Physics ISSN: 0038-0938, 2015 vol:290 fasc: págs: 3151 - 3162, DOI:10.1007/s11207-015-0786-9","JUAN CAMILO BUITRAGO CASAS, BENJAMIN CALVO MOZO, JUAN CARLOS MARTINEZ OLIVEROS, CHARLES LINDSEY",https://link.springer.com/article/10.1007%2Fs11207-015-0786-9
2015,​,"NST and IRIS multi-wavelength observations of an M1.0 class solar flare NST and IRIS multi-wavelength observations of an M1.0 class solar flare NST and IRIS multi-wavelength observations of an M1.0 class solar flare NST and IRIS multi-wavelength observations of an M1.0 class solar flare Proceedings of the International Astronomical Union ISSN: 1743-9213, 2015 vol:N/A fasc: págs: 29 - 37, DOI: Proceedings of the International Astronomical Union ISSN: 1743-9213, 2015 vol:N/A fasc: págs: 29 - 37, DOI: Proceedings of the International Astronomical Union ISSN: 1743-9213, 2015 vol:N/A fasc: págs: 29 - 37, DOI:","VARGAS DOMÍNGUEZ, SANTIAGO, SADYKOV, VIACHESLAV, KOSOVICHEV, ALEXANDER, SHARYKIN, IVAN, STRUMINSKY, ALEXEI, ZIMOVETS, IVAN",https://ui.adsabs.harvard.edu/abs/2015IAUGA..2257574V/abstract
2015,​,"Spectroscopic UV observations of M1.0 class solar flare from IRIS satellite Spectroscopic UV observations of M1.0 class solar flare from IRIS satellite Spectroscopic UV observations of M1.0 class solar flare from IRIS satellite Spectroscopic UV observations of M1.0 class solar flare from IRIS satellite Proceedings of the International Astronomical Union ISSN: 1743-9213, 2015 vol:11 fasc: págs: 64 - 67, DOI:10.1017/S174392131600034X Proceedings of the International Astronomical Union ISSN: 1743-9213, 2015 vol:11 fasc: págs: 64 - 67, DOI:10.1017/S174392131600034X Proceedings of the International Astronomical Union ISSN: 1743-9213, 2015 vol:11 fasc: págs: 64 - 67, DOI:10.1017/S174392131600034X","SADYKOV, VIACHESLAV M., KOSOVICHEV, ALEXANDER G., SHARYKIN, IVAN N, VARGAS DOMINGUEZ, SANTIAGO",https://www.cambridge.org/core/journals/proceedings-of-the-international-astronomical-union/article/spectroscopic-uv-observations-of-m10-class-solar-flare-from-iris-satellite/FA7D13EDC78F21BC2C2424DB27F29D3C
2015,​,"NST and IRIS multi-wavelength observations of an M1.0 class solar flare NST and IRIS multi-wavelength observations of an M1.0 class solar flare NST and IRIS multi-wavelength observations of an M1.0 class solar flare NST and IRIS multi-wavelength observations of an M1.0 class solar flare Bulletin Of The American Astronomical Society ISSN: 0002-7537, 2015 vol:29 fasc: págs: 225 - 235, DOI: Bulletin Of The American Astronomical Society ISSN: 0002-7537, 2015 vol:29 fasc: págs: 225 - 235, DOI: Bulletin Of The American Astronomical Society ISSN: 0002-7537, 2015 vol:29 fasc: págs: 225 - 235, DOI:","SANTIAGO VARGAS DOMINGUEZ, VIACHESLAV M SADYKOV, ALEXANDER G KOSOVICHEV, IVAN N SHARYKIN, ALEXEI B STRUMINSKY, IVAN ZIMOVETS",https://ui.adsabs.harvard.edu/abs/2015IAUGA..2257574V/abstract
2015,​,"Properties of Chromospheric Evaporation and Plasma Dynamics of a Solar Flare from IRIS Properties of Chromospheric Evaporation and Plasma Dynamics of a Solar Flare from IRIS Properties of Chromospheric Evaporation and Plasma Dynamics of a Solar Flare from IRIS Properties of Chromospheric Evaporation and Plasma Dynamics of a Solar Flare from IRIS Astrophysical Journal ISSN: 0004-637X, 2015 vol:805 fasc: 2 págs: 15 - , DOI:10.1088/0004-637X/805/2/167 Astrophysical Journal ISSN: 0004-637X, 2015 vol:805 fasc: 2 págs: 15 - , DOI:10.1088/0004-637X/805/2/167 Astrophysical Journal ISSN: 0004-637X, 2015 vol:805 fasc: 2 págs: 15 - , DOI:10.1088/0004-637X/805/2/167","VIACHESLAV M SADYKOV, SANTIAGO VARGAS DOMINGUEZ, ALEXANDER G KOSOVICHEV, IVAN N SHARYKIN, ALEXEI B STRUMINSKY, IVAN ZIMOVETS",https://iopscience.iop.org/article/10.1088/0004-637X/805/2/167
2015,​,"Evolution of Small-Scale Magnetic Elements in the Vicinity of Granular-Sized Swirl Convective Motions Evolution of Small-Scale Magnetic Elements in the Vicinity of Granular-Sized Swirl Convective Motions Evolution of Small-Scale Magnetic Elements in the Vicinity of Granular-Sized Swirl Convective Motions Evolution of Small-Scale Magnetic Elements in the Vicinity of Granular-Sized Swirl Convective Motions Solar Physics ISSN: 0038-0938, 2015 vol:290 fasc: págs: 301 - 319, DOI: Solar Physics ISSN: 0038-0938, 2015 vol:290 fasc: págs: 301 - 319, DOI: Solar Physics ISSN: 0038-0938, 2015 vol:290 fasc: págs: 301 - 319, DOI:","SANTIAGO VARGAS DOMINGUEZ, JUDITH PALACIOS, LAURA BALMACEDA, IBALLA CABELLO, VICENTE DOMINGO",https://link.springer.com/article/10.1007%2Fs11207-014-0626-3
2015,​,"Parallel Evolution of Quasi-separatrix Layers and Active Region Upflows Parallel Evolution of Quasi-separatrix Layers and Active Region Upflows Parallel Evolution of Quasi-separatrix Layers and Active Region Upflows Parallel Evolution of Quasi-separatrix Layers and Active Region Upflows Astrophysical Journal ISSN: 0004-637X, 2015 vol:809 fasc: págs: 13 - 23, DOI:10.1088/0004-637X/809/1/73 Astrophysical Journal ISSN: 0004-637X, 2015 vol:809 fasc: págs: 13 - 23, DOI:10.1088/0004-637X/809/1/73 Astrophysical Journal ISSN: 0004-637X, 2015 vol:809 fasc: págs: 13 - 23, DOI:10.1088/0004-637X/809/1/73","CRISTINA MANDRINI, DEB BAKER, P DEMOULIN, SANTIAGO VARGAS DOMINGUEZ",https://iopscience.iop.org/article/10.1088/0004-637X/809/1/73
2015,​,"Evolution of solar magnetic fields in a seismically active region with recurrent flaring activity Evolution of solar magnetic fields in a seismically active region with recurrent flaring activity Evolution of solar magnetic fields in a seismically active region with recurrent flaring activity Evolution of solar magnetic fields in a seismically active region with recurrent flaring activity Transactions - American Geophysical Union ISSN: 0002-8606, 2015 vol:1 fasc: N/A págs: 13 - 17, DOI: Transactions - American Geophysical Union ISSN: 0002-8606, 2015 vol:1 fasc: N/A págs: 13 - 17, DOI: Transactions - American Geophysical Union ISSN: 0002-8606, 2015 vol:1 fasc: N/A págs: 13 - 17, DOI:","SANTIAGO VARGAS DOMINGUEZ, JUAN CAMILO BUITRAGO, MIGUEL MOLINA",
2014,​,"SunPy: Python for Solar Physics. An implementation for local correlation trackin SunPy: Python for Solar Physics. An implementation for local correlation tracking SunPy: Python for Solar Physics. An implementation for local correlation tracking SunPy: Python for Solar Physics. An implementation for local correlation trackin República Checa, Astrophysical Bulletin ISSN: 1990-3421, 2014 vol:38 fasc: págs: 67 - 72, DOI: República Checa, Astrophysical Bulletin ISSN: 1990-3421, 2014 vol:38 fasc: págs: 67 - 72, DOI: República Checa, Astrophysical Bulletin ISSN: 1990-3421, 2014 vol:38 fasc: págs: 67 - 72, DOI:","JOSE IVAN CAMPOS ROZO, SANTIAGO VARGAS DOMINGUEZ",https://hrcak.srce.hr/file/211975
2014,​,"Emergence of a small-scale magnetic flux tube and the response of the solar atmosphere Emergence of a small-scale magnetic flux tube and the response of the solar atmosphere Emergence of a small-scale magnetic flux tube and the response of the solar atmosphere Emergence of a small-scale magnetic flux tube and the response of the solar atmosphere República Checa, Astrophysical Bulletin ISSN: 1990-3421, 2014 vol:38 fasc: págs: 25 - 30, DOI: República Checa, Astrophysical Bulletin ISSN: 1990-3421, 2014 vol:38 fasc: págs: 25 - 30, DOI: República Checa, Astrophysical Bulletin ISSN: 1990-3421, 2014 vol:38 fasc: págs: 25 - 30, DOI:","VARGAS DOMINGUEZ, S,  KOSOVICHEV, A. G. ; YURCHYSHYN, V.",https://hrcak.srce.hr/clanak/211817
2014,​,"Multi-wavelength high-resolution observations of a small-scale emerging magnetic flux event and the chromospheric and coronal response Multi-wavelength high-resolution observations of a small-scale emerging magnetic flux event and the chromospheric and coronal response Multi-wavelength high-resolution observations of a small-scale emerging magnetic flux event and the chromospheric and coronal response Multi-wavelength high-resolution observations of a small-scale emerging magnetic flux event and the chromospheric and coronal response Colombia, Astrophysical Journal ISSN: 0004-637X, 2014 vol:724 fasc: págs: 1083 - 1098, DOI: Colombia, Astrophysical Journal ISSN: 0004-637X, 2014 vol:724 fasc: págs: 1083 - 1098, DOI: Colombia, Astrophysical Journal ISSN: 0004-637X, 2014 vol:724 fasc: págs: 1083 - 1098, DOI:","PALACIOS, J. ; VARGAS DOMÍNGUEZ, S. BALMACEDA, L. A. ; CABELLO, I. ; DOMINGO, V.",https://iopscience.iop.org/article/10.1088/0004-637X/794/2/140
2014,​,"Recurrent Coronal Jets Induced by Magnetic Emergence in the Solar Atmosphere Recurrent Coronal Jets Induced by Magnetic Emergence in the Solar Atmosphere Recurrent Coronal Jets Induced by Magnetic Emergence in the Solar Atmosphere Recurrent Coronal Jets Induced by Magnetic Emergence in the Solar Atmosphere Estados Unidos, Revista Mexicana De Astronomia Y Astrofisica, Serie De Conferencias ISSN: 1405-2059, 2014 vol:44 fasc: págs: 45 - , DOI: Estados Unidos, Revista Mexicana De Astronomia Y Astrofisica, Serie De Conferencias ISSN: 1405-2059, 2014 vol:44 fasc: págs: 45 - , DOI: Estados Unidos, Revista Mexicana De Astronomia Y Astrofisica, Serie De Conferencias ISSN: 1405-2059, 2014 vol:44 fasc: págs: 45 - , DOI:","SANTIAGO VARGAS DOMINGUEZ, ALEXANDER KOSOVICHEV",https://ui.adsabs.harvard.edu/abs/2014AAS...22412345V/abstract
2014,​,"Evolution of a quiet sun region in the vicinity of granular size swirl convective motions Evolution of a quiet sun region in the vicinity of granular size swirl convective motions Evolution of a quiet sun region in the vicinity of granular size swirl convective motions Evolution of a quiet sun region in the vicinity of granular size swirl convective motions Solar Physics ISSN: 0038-0938, 2014 vol:press fasc: págs: 1 - 10, DOI: Solar Physics ISSN: 0038-0938, 2014 vol:press fasc: págs: 1 - 10, DOI: Solar Physics ISSN: 0038-0938, 2014 vol:press fasc: págs: 1 - 10, DOI:","VARGAS DOMÍNGUEZ, S. ; PALACIOS, J. ; BALMACEDA, L. ; CABELLO, I. ; DOMINGO, V.",https://link.springer.com/article/10.1007%2Fs11207-014-0626-3
2014,​,"Analysis of IRIS and NST observations of the 12.06. 2014 flare event Analysis of IRIS and NST observations of the 12.06. 2014 flare event Analysis of IRIS and NST observations of the 12.06. 2014 flare event Analysis of IRIS and NST observations of the 12.06. 2014 flare event Astrophysical Journal Letters ISSN: 2041-8213, 2014 vol:805 fasc: págs: 1 - 23, DOI: Astrophysical Journal Letters ISSN: 2041-8213, 2014 vol:805 fasc: págs: 1 - 23, DOI: Astrophysical Journal Letters ISSN: 2041-8213, 2014 vol:805 fasc: págs: 1 - 23, DOI:","VARGAS DOMÍNGUEZ, SANTIAGO; SADYKOV, VIACHESLAV ; KOSOVICHEV, ALEXANDER ; SHARYKIN, IVAN ; STRUMINSKY, ALEXEI ; ZIMOVETS, IVAN",https://www.semanticscholar.org/paper/ANALYSIS-OF-IRIS-AND-NST-OBSERVATIONS-OF-THE-FLARE-Sadykov-Dom%C3%ADnguez/65e477fb3f71e3e0a3e1ad283f9d2e2f3dffa5bd
2012,​,"Magneto-acoustic energetics study of the seismically active flare of 15 February 2011 Magneto-acoustic energetics study of the seismically active flare of 15 February 2011 Magneto-acoustic energetics study of the seismically active flare of 15 February 2011 Magneto-acoustic energetics study of the seismically active flare of 15 February 2011 Solar Physics ISSN: 0038-0938, 2012 vol:280 fasc: 2 págs: 335 - 345, DOI:10.1007/s11207-012-0009-6 Solar Physics ISSN: 0038-0938, 2012 vol:280 fasc: 2 págs: 335 - 345, DOI:10.1007/s11207-012-0009-6 Solar Physics ISSN: 0038-0938, 2012 vol:280 fasc: 2 págs: 335 - 345, DOI:10.1007/s11207-012-0009-6","BENJAMIN CALVO MOZO, JULIAN DAVID ALVARADO GOMEZ, JUAN CAMILO BUITRAGO CASAS, JUAN CARLOS MARTINEZ OLIVEROS, CHARLES LINDSEY, HUGH HUDSON",https://link.springer.com/article/10.1007%2Fs11207-012-0009-6
